Title,URL,Permalink,Created,created_utc,score,num_comments,id
"[OC] I stand with Israel, I also stand with the guy who was vocally anti-Israel",https://i.redd.it/9juikakhwa1h1.jpeg,https://www.reddit.com/r/pics/comments/1tdvzeh/oc_i_stand_with_israel_i_also_stand_with_the_guy/,2026-05-15 13:12 UTC,1778850738.0,16676,1356,1tdvzeh
OC: Urban fox fast asleep in a London garden,https://i.redd.it/cyf20xhr691h1.jpeg,https://www.reddit.com/r/pics/comments/1tdozdy/oc_urban_fox_fast_asleep_in_a_london_garden/,2026-05-15 07:26 UTC,1778829965.0,9192,74,1tdozdy
"On Wed. @ 3AM, the HSTF raided the homes of California rapid responders who document ICE raids [OC]",https://www.reddit.com/gallery/1tddftf,https://www.reddit.com/r/pics/comments/1tddftf/on_wed_3am_the_hstf_raided_the_homes_of/,2026-05-14 22:28 UTC,1778797690.0,6655,172,1tddftf
A slice through 80 years in a single image,https://i.redd.it/ca702semla1h1.jpeg,https://www.reddit.com/r/pics/comments/1tdulkg/a_slice_through_80_years_in_a_single_image/,2026-05-15 12:16 UTC,1778847397.0,6242,506,1tdulkg
Socialized healthcare is evil 🙄,https://i.imgur.com/yJrkRyx.jpeg,https://www.reddit.com/r/pics/comments/1tdoro7/socialized_healthcare_is_evil/,2026-05-15 07:14 UTC,1778829245.0,4481,1029,1tdoro7
"[OC] The medals of my grandfather’s younger brother, who died as a kamikaze pilot during the WW2",https://i.redd.it/12fc07ktx61h1.jpeg,https://www.reddit.com/r/pics/comments/1tdfhhb/oc_the_medals_of_my_grandfathers_younger_brother/,2026-05-14 23:52 UTC,1778802745.0,3990,440,1tdfhhb
[OC] Me and bro,https://i.redd.it/dtj0e7ckbc1h1.jpeg,https://www.reddit.com/r/pics/comments/1te3z7y/oc_me_and_bro/,2026-05-15 17:58 UTC,1778867901.0,2762,72,1te3z7y
Kazakhstan,https://i.redd.it/zo3bcpdgqa1h1.jpeg,https://www.reddit.com/r/pics/comments/1tdv4ho/kazakhstan/,2026-05-15 12:38 UTC,1778848695.0,1835,33,1tdv4ho
"[OC] Christian Cerna, 28, a US citizen whose arrest by ICE was filmed for social media",https://www.reddit.com/gallery/1te4tlf,https://www.reddit.com/r/pics/comments/1te4tlf/oc_christian_cerna_28_a_us_citizen_whose_arrest/,2026-05-15 18:27 UTC,1778869657.0,1086,39,1te4tlf
Spent 10 weeks making an immersive putt-putt course. not sure how this became my life but tada! (OC),https://i.redd.it/inpy8jkuka1h1.jpeg,https://www.reddit.com/r/pics/comments/1tdud3y/spent_10_weeks_making_an_immersive_puttputt/,2026-05-15 12:06 UTC,1778846812.0,678,34,1tdud3y
[OC] A picture I did using charcoal and pastels. The decision.,https://i.redd.it/n1c5e04q2b1h1.jpeg,https://www.reddit.com/r/pics/comments/1tdwvvg/oc_a_picture_i_did_using_charcoal_and_pastels_the/,2026-05-15 13:47 UTC,1778852821.0,522,35,1tdwvvg
[OC] OHIO DOESN'T WANT THIS BANTHA POODOO (Data center protest across from Perry Village City Hall),https://i.redd.it/aonvwo452c1h1.jpeg,https://www.reddit.com/r/pics/comments/1te2gkt/oc_ohio_doesnt_want_this_bantha_poodoo_data/,2026-05-15 17:05 UTC,1778864748.0,472,32,1te2gkt
[OC] Dad and I went to the aquarium for the first time.,https://www.reddit.com/gallery/1tdev4s,https://www.reddit.com/r/pics/comments/1tdev4s/oc_dad_and_i_went_to_the_aquarium_for_the_first/,2026-05-14 23:26 UTC,1778801186.0,348,24,1tdev4s
Flock Camera.,https://i.redd.it/uh76ngvkh71h1.jpeg,https://www.reddit.com/r/pics/comments/1tdi0af/flock_camera/,2026-05-15 01:43 UTC,1778809390.0,350,172,1tdi0af
"A waiter clearing tables as a sudden rainstorm hits a piazza in Positano, Amalfi Coast",https://i.redd.it/a4fnqsekh91h1.jpeg,https://www.reddit.com/r/pics/comments/1tdq2bq/a_waiter_clearing_tables_as_a_sudden_rainstorm/,2026-05-15 08:27 UTC,1778833631.0,255,29,1tdq2bq
National symbol 2026 (OC),https://i.redd.it/ggiincjdic1h1.jpeg,https://www.reddit.com/r/pics/comments/1te52fm/national_symbol_2026_oc/,2026-05-15 18:36 UTC,1778870190.0,227,19,1te52fm
[OC] My oil painting,https://i.redd.it/q3c1939hj61h1.jpeg,https://www.reddit.com/r/pics/comments/1tddj74/oc_my_oil_painting/,2026-05-14 22:32 UTC,1778797922.0,213,18,1tddj74
"Found at the local pump. ""You can remove the sticker, but not the truth""",https://imgur.com/5TB3yHo,https://www.reddit.com/r/pics/comments/1tde00e/found_at_the_local_pump_you_can_remove_the/,2026-05-14 22:50 UTC,1778799050.0,160,0,1tde00e
Retro MSPaint mirror just arrived!,https://i.redd.it/su8li9dogc1h1.jpeg,https://www.reddit.com/r/pics/comments/1te4txr/retro_mspaint_mirror_just_arrived/,2026-05-15 18:27 UTC,1778869678.0,155,12,1te4txr
[OC] A family portrait painting I made.,https://www.reddit.com/gallery/1tdvq7q,https://www.reddit.com/r/pics/comments/1tdvq7q/oc_a_family_portrait_painting_i_made/,2026-05-15 13:02 UTC,1778850137.0,149,28,1tdvq7q
[OC] Graduating Class 2026,https://i.redd.it/wvdcf46x6b1h1.jpeg,https://www.reddit.com/r/pics/comments/1tdxjhs/oc_graduating_class_2026/,2026-05-15 14:11 UTC,1778854267.0,96,8,1tdxjhs
A 5 leaf clover,https://www.reddit.com/gallery/1tdkiyu,https://www.reddit.com/r/pics/comments/1tdkiyu/a_5_leaf_clover/,2026-05-15 03:36 UTC,1778816190.0,70,18,1tdkiyu
OC - hospital door warning sticker backwards,https://i.redd.it/f4hksp5bjc1h1.jpeg,https://www.reddit.com/r/pics/comments/1te57vu/oc_hospital_door_warning_sticker_backwards/,2026-05-15 18:41 UTC,1778870504.0,62,23,1te57vu
"[OC] The sun sets everyday without fail, it's just a bonus when you get to watch it from a beach.",https://i.redd.it/24tjtfvl671h1.jpeg,https://www.reddit.com/r/pics/comments/1tdgqes/oc_the_sun_sets_everyday_without_fail_its_just_a/,2026-05-15 00:46 UTC,1778806001.0,51,1,1tdgqes
My rather picturesque local park [OC],https://www.reddit.com/gallery/1tdz7kv,https://www.reddit.com/r/pics/comments/1tdz7kv/my_rather_picturesque_local_park_oc/,2026-05-15 15:11 UTC,1778857885.0,48,2,1tdz7kv
[OC] Mothers Day G5 Aurora Borealis May 10 2024 Pictures.,https://www.reddit.com/gallery/1tdfpvp,https://www.reddit.com/r/pics/comments/1tdfpvp/oc_mothers_day_g5_aurora_borealis_may_10_2024/,2026-05-15 00:01 UTC,1778803313.0,40,0,1tdfpvp
Picture of the Breitachklamm I took (OC),https://i.redd.it/2trjg4bsf81h1.jpeg,https://www.reddit.com/r/pics/comments/1tdm569/picture_of_the_breitachklamm_i_took_oc/,2026-05-15 04:54 UTC,1778820894.0,39,0,1tdm569
"A hidden waterfall in Ranomafana, Madagascar [OC]",https://i.redd.it/fu3cabbmq81h1.jpeg,https://www.reddit.com/r/pics/comments/1tdnbe5/a_hidden_waterfall_in_ranomafana_madagascar_oc/,2026-05-15 05:55 UTC,1778824538.0,39,2,1tdnbe5
A commercial jet in front of the sun by Andrew McCarthy,https://i.redd.it/llnr3b6nca1h1.jpeg,https://www.reddit.com/r/pics/comments/1tdtbt2/a_commercial_jet_in_front_of_the_sun_by_andrew/,2026-05-15 11:20 UTC,1778844051.0,36,2,1tdtbt2
[OC] Roommate studying late at night.,https://i.redd.it/trzpecmjec1h1.jpeg,https://www.reddit.com/r/pics/comments/1te4gtg/oc_roommate_studying_late_at_night/,2026-05-15 18:15 UTC,1778868905.0,34,4,1te4gtg
[OC] a mural I painted for a tequila bar a couple years ago - swipe for the before :),https://www.reddit.com/gallery/1te5qgr,https://www.reddit.com/r/pics/comments/1te5qgr/oc_a_mural_i_painted_for_a_tequila_bar_a_couple/,2026-05-15 19:00 UTC,1778871619.0,30,3,1te5qgr
[OC] My debugging octopus has finally hit his limit,https://i.redd.it/r0f7drb5561h1.jpeg,https://www.reddit.com/r/pics/comments/1tdbggn/oc_my_debugging_octopus_has_finally_hit_his_limit/,2026-05-14 21:11 UTC,1778793107.0,25,8,1tdbggn
A curious deer looking through the window.,https://i.redd.it/ucgemlq53c1h1.jpeg,https://www.reddit.com/r/pics/comments/1te2m56/a_curious_deer_looking_through_the_window/,2026-05-15 17:11 UTC,1778865073.0,25,5,1te2m56
Yellow Goldfinch visiting my alley zinnias last year. I saved the seeds and planted them today. (OC),https://i.redd.it/z5r720pzx71h1.jpeg,https://www.reddit.com/r/pics/comments/1tdkf0l/yellow_goldfinch_visiting_my_alley_zinnias_last/,2026-05-15 03:31 UTC,1778815887.0,26,2,1tdkf0l
AIM-260 Joint Advanced Tactical Missile (Replacement For The AIM-120 AMRAAM) Spotted For First Time,https://i.redd.it/au567gun7b1h1.png,https://www.reddit.com/r/pics/comments/1tdxoav/aim260_joint_advanced_tactical_missile/,2026-05-15 14:15 UTC,1778854553.0,21,21,1tdxoav
My coworker baked a cake for her last day working here,https://i.redd.it/n9scqknbsc1h1.jpeg,https://www.reddit.com/r/pics/comments/1te6n44/my_coworker_baked_a_cake_for_her_last_day_working/,2026-05-15 19:32 UTC,1778873551.0,22,1,1te6n44
[OC] Photo of my friendly neighbour cat!,https://i.redd.it/szif10bnlb1h1.jpeg,https://www.reddit.com/r/pics/comments/1tdzu3m/oc_photo_of_my_friendly_neighbour_cat/,2026-05-15 15:33 UTC,1778859190.0,20,2,1tdzu3m
"[OC] Just a bunch of beach bananas, nothing to see here...",https://www.reddit.com/gallery/1tdojp1,https://www.reddit.com/r/pics/comments/1tdojp1/oc_just_a_bunch_of_beach_bananas_nothing_to_see/,2026-05-15 07:01 UTC,1778828514.0,18,1,1tdojp1
Battersea Power Station [OC],https://i.redd.it/70cco97wbc1h1.jpeg,https://www.reddit.com/r/pics/comments/1te411v/battersea_power_station_oc/,2026-05-15 18:00 UTC,1778868011.0,17,1,1te411v
Venezia FC football celebrations hit different in Venice! 🛶🛶,https://www.reddit.com/gallery/1tdrhxz,https://www.reddit.com/r/pics/comments/1tdrhxz/venezia_fc_football_celebrations_hit_different_in/,2026-05-15 09:48 UTC,1778838519.0,19,1,1tdrhxz
"[OC] Shimokitazawa, Tokyo, Japan",https://i.redd.it/3nf35ln6rb1h1.jpeg,https://www.reddit.com/r/pics/comments/1te0po5/oc_shimokitazawa_tokyo_japan/,2026-05-15 16:04 UTC,1778861051.0,15,1,1te0po5
Anti-child abuse billboard[OC],https://i.redd.it/tnvcwu651d1h1.png,https://www.reddit.com/r/pics/comments/1te83d0/antichild_abuse_billboardoc/,2026-05-15 20:24 UTC,1778876679.0,15,0,1te83d0
"By the time I mixed the colors, the sky had already changed (OC)",https://i.redd.it/rn7c85g0lb1h1.jpeg,https://www.reddit.com/r/pics/comments/1tdzq7u/by_the_time_i_mixed_the_colors_the_sky_had/,2026-05-15 15:29 UTC,1778858972.0,12,0,1tdzq7u
Peacock comes to investigate building work,https://i.redd.it/62adlv4me91h1.jpeg,https://www.reddit.com/r/pics/comments/1tdprii/peacock_comes_to_investigate_building_work/,2026-05-15 08:10 UTC,1778832607.0,15,1,1tdprii
"(OC) This is soap hockey, a sport that went from a Tampa man's bachelor party to ESPN",https://i.redd.it/3t3tbqcbub1h1.png,https://www.reddit.com/r/pics/comments/1te18sl/oc_this_is_soap_hockey_a_sport_that_went_from_a/,2026-05-15 16:22 UTC,1778862155.0,14,17,1te18sl
OC- Cloud from Heaven,https://i.redd.it/p86xa59ora1h1.jpeg,https://www.reddit.com/r/pics/comments/1tdvalf/oc_cloud_from_heaven/,2026-05-15 12:45 UTC,1778849106.0,11,1,1tdvalf
Betta [oc],https://i.redd.it/0i26pf9p361h1.jpeg,https://www.reddit.com/r/pics/comments/1tdb8k2/betta_oc/,2026-05-14 21:03 UTC,1778792615.0,14,2,1tdb8k2
(OC) South Friars Bay ST. Kitts,https://i.redd.it/xxl45u4bpb1h1.jpeg,https://www.reddit.com/r/pics/comments/1te0euu/oc_south_friars_bay_st_kitts/,2026-05-15 15:53 UTC,1778860432.0,10,1,1te0euu
Sunset over Ipanema | M11 + 35mm Summilux,https://www.reddit.com/gallery/1tbmegw,https://www.reddit.com/r/pics/comments/1tdze6j/sunset_over_ipanema_m11_35mm_summilux/,2026-05-15 15:17 UTC,1778858265.0,10,1,1tdze6j
"[OC] Tour des Glaciers de la Vanoise Trekking pics (Pralongan-la-Vanoise, Savoie, France)",https://www.reddit.com/gallery/1tdydgl,https://www.reddit.com/r/pics/comments/1tdydgl/oc_tour_des_glaciers_de_la_vanoise_trekking_pics/,2026-05-15 14:41 UTC,1778856087.0,12,0,1tdydgl
